{"cameraMode":{"drawMode":0,"name":"Shaded","section":"Shading Mode"},"sceneLighting":false,"audioPlay":false,"sceneViewState":{"showFog":true,"showMaterialUpdate":false,"showSkybox":false,"showFlares":true,"showImageEffects":true,"showParticleSystems":true},"in2DMode":false,"pivot":{"x":-13.530506134033204,"y":5.197881698608398,"z":-23.278676986694337},"rotation":{"x":0.02408614382147789,"y":0.7612823843955994,"z":0.0283260066062212,"w":-0.6473584175109863},"size":49.561492919921878,"orthographic":false}